ville,province,longitude,latitude,periode,saison,debut,fin,ndwi_moyen,ndvi_moyen
Banwa,Boucle Du Mouhoun,,,2020-S1,seche,2020-01-01,2020-06-30,-0.35133305889532646,0.20939845525787473
Kossi,Boucle Du Mouhoun,-3.822956261825886,12.812686525228674,2020-S1,seche,2020-01-01,2020-06-30,-0.3374991146575062,0.18284326118259428
Bale,Boucle Du Mouhoun,-3.1562002940694236,11.724962044865523,2020-S1,seche,2020-01-01,2020-06-30,-0.3574231572969619,0.22497871273360107
Mouhoun,Boucle Du Mouhoun,-3.465560822558568,12.148429141055294,2020-S1,seche,2020-01-01,2020-06-30,-0.34698069732282283,0.21121713501601064
Nayala,Boucle Du Mouhoun,-3.0944590634145883,12.657096114822512,2020-S1,seche,2020-01-01,2020-06-30,-0.3372233429009921,0.19086198156278186
Sourou,Boucle Du Mouhoun,-3.0425338311313457,13.20277689536505,2020-S1,seche,2020-01-01,2020-06-30,-0.328587904380724,0.17604324502929306
Comoe,Cascades,-4.514135440850249,10.486252031591674,2020-S1,seche,2020-01-01,2020-06-30,-0.42183549174182455,0.31500341509514396
Leraba,Cascades,-5.16214118260538,10.59270126662498,2020-S1,seche,2020-01-01,2020-06-30,-0.42659448343723705,0.3122210439409708
Kadiogo,Centre,-1.4189075947220224,12.312731953406667,2020-S1,seche,2020-01-01,2020-06-30,-0.3265048113948433,0.16144075417231116
Boulgou,Centre-est,-0.45761713244389585,11.503793323148528,2020-S1,seche,2020-01-01,2020-06-30,-0.32293233554129985,0.17655113819960438
Koulpelogo,Centre-est,0.15035667022296972,11.463301970345205,2020-S1,seche,2020-01-01,2020-06-30,-0.33851394082565467,0.18536825307637456
Kouritenga,Centre-est,-0.329596707027452,12.276621177276377,2020-S1,seche,2020-01-01,2020-06-30,-0.3207204623321992,0.16502902372686284
Bam,Centre-nord,-1.6136483749809556,13.351495353793153,2020-S1,seche,2020-01-01,2020-06-30,-0.3250809138037936,0.1404937656671322
Namentenga,Centre-nord,-0.49062813376172576,13.108749399980104,2020-S1,seche,2020-01-01,2020-06-30,-0.3037716433765531,0.1408629865042738
Sanmatenga,Centre-nord,-1.0261364414418561,13.177157572778016,2020-S1,seche,2020-01-01,2020-06-30,-0.3133842921228624,0.14302377480783254
Boulkiemde,Centre-ouest,-2.116690600453765,12.33281653730948,2020-S1,seche,2020-01-01,2020-06-30,-0.32411643393147305,0.17145500071261227
Sanguie,Centre-ouest,-2.635215140603591,12.172899114173353,2020-S1,seche,2020-01-01,2020-06-30,-0.335926297957103,0.19513967710721178
Sissili,Centre-ouest,,,2020-S1,seche,2020-01-01,2020-06-30,-0.36820828846698545,0.23744386258557
Ziro,Centre-ouest,-1.789604030127707,11.649300172172008,2020-S1,seche,2020-01-01,2020-06-30,-0.3582019404944704,0.21888915227881925
Bazega,Centre-sud,-1.3940711729379671,11.929600821086295,2020-S1,seche,2020-01-01,2020-06-30,-0.34220280483824617,0.18866660237628932
Nahouri,Centre-sud,-1.118376246474603,11.237983342109658,2020-S1,seche,2020-01-01,2020-06-30,-0.3554001609932456,0.2238166327137076
Zoundweogo,Centre-sud,-0.9524086225312375,11.512264459231611,2020-S1,seche,2020-01-01,2020-06-30,-0.32772128879399154,0.18379869382047043
Gnagna,Est,0.0026416748949775752,12.824833131507228,2020-S1,seche,2020-01-01,2020-06-30,-0.311727639261281,0.14621041644065427
Gourma,Est,0.7255385800830758,12.08832466971129,2020-S1,seche,2020-01-01,2020-06-30,-0.3209366716455177,0.17611511257048884
Komonjdjari,Est,0.7608477539361953,12.809542881354007,2020-S1,seche,2020-01-01,2020-06-30,-0.32151156573095324,0.16540989187702906
Kompienga,Est,0.9531615582011995,11.510423496811697,2020-S1,seche,2020-01-01,2020-06-30,-0.3026216117968437,0.18491999119322378
Tapoa,Est,1.5492337787755717,11.96131520670831,2020-S1,seche,2020-01-01,2020-06-30,-0.3289349394096776,0.19250610562412843
Houet,Hauts-bassins,-4.221145170181834,11.202386321354012,2020-S1,seche,2020-01-01,2020-06-30,-0.38920512201825247,0.2596136345028579
Kenedougou,Hauts-bassins,-4.965576301319494,11.296531382937543,2020-S1,seche,2020-01-01,2020-06-30,-0.3986645928861791,0.2790841877132597
Tuy,Hauts-bassins,-3.4868081489839233,11.445565134928092,2020-S1,seche,2020-01-01,2020-06-30,-0.3692586053719329,0.2387613250778975
Loroum,Nord,,,2020-S1,seche,2020-01-01,2020-06-30,-0.3253753343188068,0.13754716253387939
Passore,Nord,-2.036090048762283,12.936109131116737,2020-S1,seche,2020-01-01,2020-06-30,-0.3376240712278661,0.17147798202180073
Yatenga,Nord,-2.165094455721045,13.419502213575823,2020-S1,seche,2020-01-01,2020-06-30,-0.32464057065800206,0.1428082023293417
Zondoma,Nord,-2.3286174410994804,13.233872775120712,2020-S1,seche,2020-01-01,2020-06-30,-0.34170483789629613,0.16725323517471727
Ganzourgou,Plateau Central,-0.7710693074914546,12.252526698630486,2020-S1,seche,2020-01-01,2020-06-30,-0.3174584835749074,0.16279671158862105
Kourweogo,Plateau Central,-1.8270570788510443,12.606700740090822,2020-S1,seche,2020-01-01,2020-06-30,-0.3325441564717276,0.1697418855339452
Oubritenga,Plateau Central,-1.2233872493372404,12.586743762609045,2020-S1,seche,2020-01-01,2020-06-30,-0.3137714804132197,0.1499845654752937
Oudalan,Sahel,-0.3802665417708192,14.517974872719556,2020-S1,seche,2020-01-01,2020-06-30,-0.3027715893291282,0.11830222774949362
Seno,Sahel,-0.09718325099593567,13.955369700855359,2020-S1,seche,2020-01-01,2020-06-30,-0.29509112102875706,0.12649848388742344
Soum,Sahel,-1.0646621306595794,14.203338215374734,2020-S1,seche,2020-01-01,2020-06-30,-0.3075323486617351,0.11941675434141469
Yagha,Sahel,,,2020-S1,seche,2020-01-01,2020-06-30,-0.3145893661851769,0.14037944022025547
Bougouriba,Sud-ouest,-3.428077245206912,10.918747017094596,2020-S1,seche,2020-01-01,2020-06-30,-0.40499881489387807,0.29284668537491415
Ioba,Sud-ouest,-3.1421447400791003,11.091737806560419,2020-S1,seche,2020-01-01,2020-06-30,-0.36104373223171676,0.23340015993805813
Noumbiel,Sud-ouest,-3.033268067271032,9.997999928839187,2020-S1,seche,2020-01-01,2020-06-30,-0.4141206828588599,0.3032483350629678
Poni,Sud-ouest,-3.3218811418647745,10.264138935730738,2020-S1,seche,2020-01-01,2020-06-30,-0.42194767793424753,0.3058909774624933
Banwa,Boucle Du Mouhoun,,,2020-S2,pluies,2020-07-01,2020-12-31,-0.485651773254647,0.38388262883753244
Kossi,Boucle Du Mouhoun,-3.822956261825886,12.812686525228674,2020-S2,pluies,2020-07-01,2020-12-31,-0.45942014902634426,0.33542988940533786
Bale,Boucle Du Mouhoun,-3.1562002940694236,11.724962044865523,2020-S2,pluies,2020-07-01,2020-12-31,-0.45949171219969975,0.3495201103495638
Mouhoun,Boucle Du Mouhoun,-3.465560822558568,12.148429141055294,2020-S2,pluies,2020-07-01,2020-12-31,-0.469962422161453,0.3662758112433645
Nayala,Boucle Du Mouhoun,-3.0944590634145883,12.657096114822512,2020-S2,pluies,2020-07-01,2020-12-31,-0.44557823835396926,0.31570850722896066
Sourou,Boucle Du Mouhoun,-3.0425338311313457,13.20277689536505,2020-S2,pluies,2020-07-01,2020-12-31,-0.4400263686463241,0.3069125003689786
Comoe,Cascades,-4.514135440850249,10.486252031591674,2020-S2,pluies,2020-07-01,2020-12-31,-0.527955916361185,0.4855427805403077
Leraba,Cascades,-5.16214118260538,10.59270126662498,2020-S2,pluies,2020-07-01,2020-12-31,-0.5336925770688807,0.46705140888511015
Kadiogo,Centre,-1.4189075947220224,12.312731953406667,2020-S2,pluies,2020-07-01,2020-12-31,-0.41381327997896467,0.2728270637934423
Boulgou,Centre-est,-0.45761713244389585,11.503793323148528,2020-S2,pluies,2020-07-01,2020-12-31,-0.4246458782208369,0.3157964166391217
Koulpelogo,Centre-est,0.15035667022296972,11.463301970345205,2020-S2,pluies,2020-07-01,2020-12-31,-0.4563789747562761,0.35263333308913913
Kouritenga,Centre-est,-0.329596707027452,12.276621177276377,2020-S2,pluies,2020-07-01,2020-12-31,-0.4125820067046221,0.30348358573169926
Bam,Centre-nord,-1.6136483749809556,13.351495353793153,2020-S2,pluies,2020-07-01,2020-12-31,-0.407214722381206,0.24502566810948642
Namentenga,Centre-nord,-0.49062813376172576,13.108749399980104,2020-S2,pluies,2020-07-01,2020-12-31,-0.3918540143435839,0.24855560161459989
Sanmatenga,Centre-nord,-1.0261364414418561,13.177157572778016,2020-S2,pluies,2020-07-01,2020-12-31,-0.41482255318632716,0.2703026553406084
Boulkiemde,Centre-ouest,-2.116690600453765,12.33281653730948,2020-S2,pluies,2020-07-01,2020-12-31,-0.4164840013339005,0.2671566680654747
Sanguie,Centre-ouest,-2.635215140603591,12.172899114173353,2020-S2,pluies,2020-07-01,2020-12-31,-0.4436627783998033,0.3085375874136014
Sissili,Centre-ouest,,,2020-S2,pluies,2020-07-01,2020-12-31,-0.46959043699656916,0.3557948523134795
Ziro,Centre-ouest,-1.789604030127707,11.649300172172008,2020-S2,pluies,2020-07-01,2020-12-31,-0.4732698142984898,0.36495730346116073
Bazega,Centre-sud,-1.3940711729379671,11.929600821086295,2020-S2,pluies,2020-07-01,2020-12-31,-0.4599541879393755,0.34992175212923704
Nahouri,Centre-sud,-1.118376246474603,11.237983342109658,2020-S2,pluies,2020-07-01,2020-12-31,-0.5013163892701432,0.4260317497290767
Zoundweogo,Centre-sud,-0.9524086225312375,11.512264459231611,2020-S2,pluies,2020-07-01,2020-12-31,-0.44536743087879604,0.3531425171681432
Gnagna,Est,0.0026416748949775752,12.824833131507228,2020-S2,pluies,2020-07-01,2020-12-31,-0.3940050975571731,0.2591165259616473
Gourma,Est,0.7255385800830758,12.08832466971129,2020-S2,pluies,2020-07-01,2020-12-31,-0.4531026541019745,0.36364042151034726
Komonjdjari,Est,0.7608477539361953,12.809542881354007,2020-S2,pluies,2020-07-01,2020-12-31,-0.4315930596176271,0.3214332762281696
Kompienga,Est,0.9531615582011995,11.510423496811697,2020-S2,pluies,2020-07-01,2020-12-31,-0.48489198290284435,0.40845042213614097
Tapoa,Est,1.5492337787755717,11.96131520670831,2020-S2,pluies,2020-07-01,2020-12-31,-0.4446133828326303,0.3310186791641964
Houet,Hauts-bassins,-4.221145170181834,11.202386321354012,2020-S2,pluies,2020-07-01,2020-12-31,-0.5094562727624328,0.4356840480187494
Kenedougou,Hauts-bassins,-4.965576301319494,11.296531382937543,2020-S2,pluies,2020-07-01,2020-12-31,-0.5451395622313681,0.49096561788615634
Tuy,Hauts-bassins,-3.4868081489839233,11.445565134928092,2020-S2,pluies,2020-07-01,2020-12-31,-0.4725228337314247,0.37275756614651695
Loroum,Nord,,,2020-S2,pluies,2020-07-01,2020-12-31,-0.3974357870549802,0.2260575897137396
Passore,Nord,-2.036090048762283,12.936109131116737,2020-S2,pluies,2020-07-01,2020-12-31,-0.43334599882982255,0.2808033167362094
Yatenga,Nord,-2.165094455721045,13.419502213575823,2020-S2,pluies,2020-07-01,2020-12-31,-0.399893292954194,0.2290025147536008
Zondoma,Nord,-2.3286174410994804,13.233872775120712,2020-S2,pluies,2020-07-01,2020-12-31,-0.43409091731630445,0.2803150640353237
Ganzourgou,Plateau Central,-0.7710693074914546,12.252526698630486,2020-S2,pluies,2020-07-01,2020-12-31,-0.41251304836840635,0.312436765473461
Kourweogo,Plateau Central,-1.8270570788510443,12.606700740090822,2020-S2,pluies,2020-07-01,2020-12-31,-0.42907224852173137,0.28210300124148346
Oubritenga,Plateau Central,-1.2233872493372404,12.586743762609045,2020-S2,pluies,2020-07-01,2020-12-31,-0.4102542385670484,0.2696857393885886
Oudalan,Sahel,-0.3802665417708192,14.517974872719556,2020-S2,pluies,2020-07-01,2020-12-31,-0.3534493014211906,0.16920053141590696
Seno,Sahel,-0.09718325099593567,13.955369700855359,2020-S2,pluies,2020-07-01,2020-12-31,-0.37048124231920077,0.20898515615049434
Soum,Sahel,-1.0646621306595794,14.203338215374734,2020-S2,pluies,2020-07-01,2020-12-31,-0.37056351521547687,0.20039825211896198
Yagha,Sahel,,,2020-S2,pluies,2020-07-01,2020-12-31,-0.3943707178388042,0.24369781439436197
Bougouriba,Sud-ouest,-3.428077245206912,10.918747017094596,2020-S2,pluies,2020-07-01,2020-12-31,-0.491197601608202,0.4086704703427417
Ioba,Sud-ouest,-3.1421447400791003,11.091737806560419,2020-S2,pluies,2020-07-01,2020-12-31,-0.45532829055240487,0.3414245045833006
Noumbiel,Sud-ouest,-3.033268067271032,9.997999928839187,2020-S2,pluies,2020-07-01,2020-12-31,-0.496903744544884,0.4186890453874448
Poni,Sud-ouest,-3.3218811418647745,10.264138935730738,2020-S2,pluies,2020-07-01,2020-12-31,-0.49845035998182946,0.41801496708200453
Banwa,Boucle Du Mouhoun,,,2021-S1,seche,2021-01-01,2021-06-30,-0.3767208299401522,0.21782135010328105
Kossi,Boucle Du Mouhoun,-3.822956261825886,12.812686525228674,2021-S1,seche,2021-01-01,2021-06-30,-0.3601904473592006,0.20114679276295205
Bale,Boucle Du Mouhoun,-3.1562002940694236,11.724962044865523,2021-S1,seche,2021-01-01,2021-06-30,-0.35948454747824254,0.21870734744518922
Mouhoun,Boucle Du Mouhoun,-3.465560822558568,12.148429141055294,2021-S1,seche,2021-01-01,2021-06-30,-0.358834306739953,0.21349784085720866
Nayala,Boucle Du Mouhoun,-3.0944590634145883,12.657096114822512,2021-S1,seche,2021-01-01,2021-06-30,-0.3470993278900133,0.2033644294294943
Sourou,Boucle Du Mouhoun,-3.0425338311313457,13.20277689536505,2021-S1,seche,2021-01-01,2021-06-30,-0.3422808288176782,0.19705581919253176
Comoe,Cascades,-4.514135440850249,10.486252031591674,2021-S1,seche,2021-01-01,2021-06-30,-0.42501496478503875,0.3148316628234769
Leraba,Cascades,-5.16214118260538,10.59270126662498,2021-S1,seche,2021-01-01,2021-06-30,-0.4473098867663773,0.3154251358237832
Kadiogo,Centre,-1.4189075947220224,12.312731953406667,2021-S1,seche,2021-01-01,2021-06-30,-0.3357534439141422,0.18274662733558728
Boulgou,Centre-est,-0.45761713244389585,11.503793323148528,2021-S1,seche,2021-01-01,2021-06-30,-0.3352420003325513,0.18880972765363668
Koulpelogo,Centre-est,0.15035667022296972,11.463301970345205,2021-S1,seche,2021-01-01,2021-06-30,-0.3382904518017062,0.1916545413423341
Kouritenga,Centre-est,-0.329596707027452,12.276621177276377,2021-S1,seche,2021-01-01,2021-06-30,-0.3232126250240526,0.1674610393254852
Bam,Centre-nord,-1.6136483749809556,13.351495353793153,2021-S1,seche,2021-01-01,2021-06-30,-0.3381397085225422,0.1572115248698794
Namentenga,Centre-nord,-0.49062813376172576,13.108749399980104,2021-S1,seche,2021-01-01,2021-06-30,-0.32132306536707184,0.1512711497948023
Sanmatenga,Centre-nord,-1.0261364414418561,13.177157572778016,2021-S1,seche,2021-01-01,2021-06-30,-0.33464295142885464,0.16381762167766517
Boulkiemde,Centre-ouest,-2.116690600453765,12.33281653730948,2021-S1,seche,2021-01-01,2021-06-30,-0.33779092813364026,0.1886324561618861
Sanguie,Centre-ouest,-2.635215140603591,12.172899114173353,2021-S1,seche,2021-01-01,2021-06-30,-0.35269832606288476,0.21000782222048248
Sissili,Centre-ouest,,,2021-S1,seche,2021-01-01,2021-06-30,-0.3750794722308651,0.23403870840500546
Ziro,Centre-ouest,-1.789604030127707,11.649300172172008,2021-S1,seche,2021-01-01,2021-06-30,-0.38168211377309785,0.23397741380190998
Bazega,Centre-sud,-1.3940711729379671,11.929600821086295,2021-S1,seche,2021-01-01,2021-06-30,-0.35904187508970564,0.21002167657892853
Nahouri,Centre-sud,-1.118376246474603,11.237983342109658,2021-S1,seche,2021-01-01,2021-06-30,-0.36458937776816436,0.23821142855454427
Zoundweogo,Centre-sud,-0.9524086225312375,11.512264459231611,2021-S1,seche,2021-01-01,2021-06-30,-0.3368137582445051,0.19365330280375917
Gnagna,Est,0.0026416748949775752,12.824833131507228,2021-S1,seche,2021-01-01,2021-06-30,-0.31560720133656184,0.15270230717650352
Gourma,Est,0.7255385800830758,12.08832466971129,2021-S1,seche,2021-01-01,2021-06-30,-0.3408094218500403,0.19229777921850005
Komonjdjari,Est,0.7608477539361953,12.809542881354007,2021-S1,seche,2021-01-01,2021-06-30,-0.3402372318347224,0.18085451081602968
Kompienga,Est,0.9531615582011995,11.510423496811697,2021-S1,seche,2021-01-01,2021-06-30,-0.3076017951505584,0.1913639877274112
Tapoa,Est,1.5492337787755717,11.96131520670831,2021-S1,seche,2021-01-01,2021-06-30,-0.3443379188597862,0.1991203836919622
Houet,Hauts-bassins,-4.221145170181834,11.202386321354012,2021-S1,seche,2021-01-01,2021-06-30,-0.40265871255461966,0.25922011044087895
Kenedougou,Hauts-bassins,-4.965576301319494,11.296531382937543,2021-S1,seche,2021-01-01,2021-06-30,-0.42238280600324746,0.2837972788710134
Tuy,Hauts-bassins,-3.4868081489839233,11.445565134928092,2021-S1,seche,2021-01-01,2021-06-30,-0.3744281158557922,0.2385601768442512
Loroum,Nord,,,2021-S1,seche,2021-01-01,2021-06-30,-0.32419820517426057,0.1439051429874355
Passore,Nord,-2.036090048762283,12.936109131116737,2021-S1,seche,2021-01-01,2021-06-30,-0.353684687606194,0.18932479826063114
Yatenga,Nord,-2.165094455721045,13.419502213575823,2021-S1,seche,2021-01-01,2021-06-30,-0.32889217280708083,0.15217864904407424
Zondoma,Nord,-2.3286174410994804,13.233872775120712,2021-S1,seche,2021-01-01,2021-06-30,-0.3484579059670274,0.18759509727946955
Ganzourgou,Plateau Central,-0.7710693074914546,12.252526698630486,2021-S1,seche,2021-01-01,2021-06-30,-0.3230297465071771,0.16744201462642896
Kourweogo,Plateau Central,-1.8270570788510443,12.606700740090822,2021-S1,seche,2021-01-01,2021-06-30,-0.3500812582622754,0.1939846310899004
Oubritenga,Plateau Central,-1.2233872493372404,12.586743762609045,2021-S1,seche,2021-01-01,2021-06-30,-0.33635733935616224,0.17394013034018682
Oudalan,Sahel,-0.3802665417708192,14.517974872719556,2021-S1,seche,2021-01-01,2021-06-30,-0.31204945574795273,0.12128453249408837
Seno,Sahel,-0.09718325099593567,13.955369700855359,2021-S1,seche,2021-01-01,2021-06-30,-0.31704956451543437,0.13854589880772872
Soum,Sahel,-1.0646621306595794,14.203338215374734,2021-S1,seche,2021-01-01,2021-06-30,-0.30941813167571314,0.1280599164076678
Yagha,Sahel,,,2021-S1,seche,2021-01-01,2021-06-30,-0.3240408207436178,0.14910723096675124
Bougouriba,Sud-ouest,-3.428077245206912,10.918747017094596,2021-S1,seche,2021-01-01,2021-06-30,-0.40582075596461564,0.2829802640045672
Ioba,Sud-ouest,-3.1421447400791003,11.091737806560419,2021-S1,seche,2021-01-01,2021-06-30,-0.36605103477621215,0.22986290397693898
Noumbiel,Sud-ouest,-3.033268067271032,9.997999928839187,2021-S1,seche,2021-01-01,2021-06-30,-0.4281971319232593,0.3268279190629906
Poni,Sud-ouest,-3.3218811418647745,10.264138935730738,2021-S1,seche,2021-01-01,2021-06-30,-0.4347677753501208,0.322166166762529
Banwa,Boucle Du Mouhoun,,,2021-S2,pluies,2021-07-01,2021-12-31,-0.4778238843221637,0.3997187673442494
Kossi,Boucle Du Mouhoun,-3.822956261825886,12.812686525228674,2021-S2,pluies,2021-07-01,2021-12-31,-0.4496152476313398,0.34749591648703043
Bale,Boucle Du Mouhoun,-3.1562002940694236,11.724962044865523,2021-S2,pluies,2021-07-01,2021-12-31,-0.4679901927117963,0.39462491759144547
Mouhoun,Boucle Du Mouhoun,-3.465560822558568,12.148429141055294,2021-S2,pluies,2021-07-01,2021-12-31,-0.47100175206898276,0.39606887515452155
Nayala,Boucle Du Mouhoun,-3.0944590634145883,12.657096114822512,2021-S2,pluies,2021-07-01,2021-12-31,-0.4586928123432518,0.3510532175510488
Sourou,Boucle Du Mouhoun,-3.0425338311313457,13.20277689536505,2021-S2,pluies,2021-07-01,2021-12-31,-0.4340519961995553,0.30901843839782317
Comoe,Cascades,-4.514135440850249,10.486252031591674,2021-S2,pluies,2021-07-01,2021-12-31,-0.5166738452207841,0.49400106827319107
Leraba,Cascades,-5.16214118260538,10.59270126662498,2021-S2,pluies,2021-07-01,2021-12-31,-0.5330514955172503,0.490407523230904
Kadiogo,Centre,-1.4189075947220224,12.312731953406667,2021-S2,pluies,2021-07-01,2021-12-31,-0.4117687273905227,0.28857665401516314
Boulgou,Centre-est,-0.45761713244389585,11.503793323148528,2021-S2,pluies,2021-07-01,2021-12-31,-0.4177414322491465,0.3148213148439086
Koulpelogo,Centre-est,0.15035667022296972,11.463301970345205,2021-S2,pluies,2021-07-01,2021-12-31,-0.4351225253619889,0.32057864082509946
Kouritenga,Centre-est,-0.329596707027452,12.276621177276377,2021-S2,pluies,2021-07-01,2021-12-31,-0.3927632911915216,0.25739047327376624
Bam,Centre-nord,-1.6136483749809556,13.351495353793153,2021-S2,pluies,2021-07-01,2021-12-31,-0.3907245382417961,0.2274491429485219
Namentenga,Centre-nord,-0.49062813376172576,13.108749399980104,2021-S2,pluies,2021-07-01,2021-12-31,-0.3805031956181919,0.22960495410201656
Sanmatenga,Centre-nord,-1.0261364414418561,13.177157572778016,2021-S2,pluies,2021-07-01,2021-12-31,-0.403300539555752,0.2544730280692034
Boulkiemde,Centre-ouest,-2.116690600453765,12.33281653730948,2021-S2,pluies,2021-07-01,2021-12-31,-0.4148320975351685,0.2900679540683519
Sanguie,Centre-ouest,-2.635215140603591,12.172899114173353,2021-S2,pluies,2021-07-01,2021-12-31,-0.4395394048062457,0.3287674891593522
Sissili,Centre-ouest,,,2021-S2,pluies,2021-07-01,2021-12-31,-0.5011097658645055,0.452699370341324
Ziro,Centre-ouest,-1.789604030127707,11.649300172172008,2021-S2,pluies,2021-07-01,2021-12-31,-0.4877398378647074,0.41644870981403914
Bazega,Centre-sud,-1.3940711729379671,11.929600821086295,2021-S2,pluies,2021-07-01,2021-12-31,-0.45145219447621054,0.3519076332962838
Nahouri,Centre-sud,-1.118376246474603,11.237983342109658,2021-S2,pluies,2021-07-01,2021-12-31,-0.47794148163505235,0.4062852142368996
Zoundweogo,Centre-sud,-0.9524086225312375,11.512264459231611,2021-S2,pluies,2021-07-01,2021-12-31,-0.4324903001395078,0.33311854220835563
Gnagna,Est,0.0026416748949775752,12.824833131507228,2021-S2,pluies,2021-07-01,2021-12-31,-0.38029352707986974,0.23351837769041706
Gourma,Est,0.7255385800830758,12.08832466971129,2021-S2,pluies,2021-07-01,2021-12-31,-0.4439865161518234,0.3362774713086364
Komonjdjari,Est,0.7608477539361953,12.809542881354007,2021-S2,pluies,2021-07-01,2021-12-31,-0.43324930070877987,0.3108902690773858
Kompienga,Est,0.9531615582011995,11.510423496811697,2021-S2,pluies,2021-07-01,2021-12-31,-0.4644038447926925,0.40646258296000587
Tapoa,Est,1.5492337787755717,11.96131520670831,2021-S2,pluies,2021-07-01,2021-12-31,-0.4624184952958138,0.3590766008089473
Houet,Hauts-bassins,-4.221145170181834,11.202386321354012,2021-S2,pluies,2021-07-01,2021-12-31,-0.5031471162089751,0.4563464671519125
Kenedougou,Hauts-bassins,-4.965576301319494,11.296531382937543,2021-S2,pluies,2021-07-01,2021-12-31,-0.5318050920670893,0.48862401757306023
Tuy,Hauts-bassins,-3.4868081489839233,11.445565134928092,2021-S2,pluies,2021-07-01,2021-12-31,-0.478880022071554,0.4203832678130926
Loroum,Nord,,,2021-S2,pluies,2021-07-01,2021-12-31,-0.37527616775639017,0.1966493822009814
Passore,Nord,-2.036090048762283,12.936109131116737,2021-S2,pluies,2021-07-01,2021-12-31,-0.4382406335319027,0.3100519739285745
Yatenga,Nord,-2.165094455721045,13.419502213575823,2021-S2,pluies,2021-07-01,2021-12-31,-0.3879872671540069,0.22245496507557797
Zondoma,Nord,-2.3286174410994804,13.233872775120712,2021-S2,pluies,2021-07-01,2021-12-31,-0.42453718227361503,0.28431604627386137
Ganzourgou,Plateau Central,-0.7710693074914546,12.252526698630486,2021-S2,pluies,2021-07-01,2021-12-31,-0.40331825624175616,0.2802176376235583
Kourweogo,Plateau Central,-1.8270570788510443,12.606700740090822,2021-S2,pluies,2021-07-01,2021-12-31,-0.43519295120879814,0.3083286131639214
Oubritenga,Plateau Central,-1.2233872493372404,12.586743762609045,2021-S2,pluies,2021-07-01,2021-12-31,-0.4160520072749543,0.28696518061823034
Oudalan,Sahel,-0.3802665417708192,14.517974872719556,2021-S2,pluies,2021-07-01,2021-12-31,-0.3434359039018585,0.16822591475431498
Seno,Sahel,-0.09718325099593567,13.955369700855359,2021-S2,pluies,2021-07-01,2021-12-31,-0.35684911605969677,0.2085501876750817
Soum,Sahel,-1.0646621306595794,14.203338215374734,2021-S2,pluies,2021-07-01,2021-12-31,-0.34549853890351445,0.16888802319103485
Yagha,Sahel,,,2021-S2,pluies,2021-07-01,2021-12-31,-0.3861793317323906,0.2415161837287851
Bougouriba,Sud-ouest,-3.428077245206912,10.918747017094596,2021-S2,pluies,2021-07-01,2021-12-31,-0.5222483098386619,0.4991486589362755
Ioba,Sud-ouest,-3.1421447400791003,11.091737806560419,2021-S2,pluies,2021-07-01,2021-12-31,-0.4878458073873767,0.434656483041023
Noumbiel,Sud-ouest,-3.033268067271032,9.997999928839187,2021-S2,pluies,2021-07-01,2021-12-31,-0.5115720250193744,0.49500305521066523
Poni,Sud-ouest,-3.3218811418647745,10.264138935730738,2021-S2,pluies,2021-07-01,2021-12-31,-0.5350128230349681,0.5244193349298046
Banwa,Boucle Du Mouhoun,,,2022-S1,seche,2022-01-01,2022-06-30,-0.37443059174773863,0.21140193756094205
Kossi,Boucle Du Mouhoun,-3.822956261825886,12.812686525228674,2022-S1,seche,2022-01-01,2022-06-30,-0.3683898655445653,0.19842993970767583
Bale,Boucle Du Mouhoun,-3.1562002940694236,11.724962044865523,2022-S1,seche,2022-01-01,2022-06-30,-0.3748769367986802,0.21439234388087622
Mouhoun,Boucle Du Mouhoun,-3.465560822558568,12.148429141055294,2022-S1,seche,2022-01-01,2022-06-30,-0.3784761248216043,0.2128388588118886
Nayala,Boucle Du Mouhoun,-3.0944590634145883,12.657096114822512,2022-S1,seche,2022-01-01,2022-06-30,-0.37221441690335216,0.2041472449687221
Sourou,Boucle Du Mouhoun,-3.0425338311313457,13.20277689536505,2022-S1,seche,2022-01-01,2022-06-30,-0.3592441052389943,0.19203780655266006
Comoe,Cascades,-4.514135440850249,10.486252031591674,2022-S1,seche,2022-01-01,2022-06-30,-0.4446291245499139,0.3085764277206888
Leraba,Cascades,-5.16214118260538,10.59270126662498,2022-S1,seche,2022-01-01,2022-06-30,-0.4611115217116156,0.31741290092422764
Kadiogo,Centre,-1.4189075947220224,12.312731953406667,2022-S1,seche,2022-01-01,2022-06-30,-0.34351617432706977,0.1755368368797704
Boulgou,Centre-est,-0.45761713244389585,11.503793323148528,2022-S1,seche,2022-01-01,2022-06-30,-0.343339661804354,0.18572040468887846
Koulpelogo,Centre-est,0.15035667022296972,11.463301970345205,2022-S1,seche,2022-01-01,2022-06-30,-0.3503267601282956,0.19590633963130932
Kouritenga,Centre-est,-0.329596707027452,12.276621177276377,2022-S1,seche,2022-01-01,2022-06-30,-0.3332753319573437,0.17037497269455354
Bam,Centre-nord,-1.6136483749809556,13.351495353793153,2022-S1,seche,2022-01-01,2022-06-30,-0.3546109209816492,0.15353915125236717
Namentenga,Centre-nord,-0.49062813376172576,13.108749399980104,2022-S1,seche,2022-01-01,2022-06-30,-0.3404282564940333,0.15908202912602318
Sanmatenga,Centre-nord,-1.0261364414418561,13.177157572778016,2022-S1,seche,2022-01-01,2022-06-30,-0.3494001802595434,0.16472801008549512
Boulkiemde,Centre-ouest,-2.116690600453765,12.33281653730948,2022-S1,seche,2022-01-01,2022-06-30,-0.34841573997651487,0.18128971546210898
Sanguie,Centre-ouest,-2.635215140603591,12.172899114173353,2022-S1,seche,2022-01-01,2022-06-30,-0.36456598115818295,0.1998310689713276
Sissili,Centre-ouest,,,2022-S1,seche,2022-01-01,2022-06-30,-0.37798451566557023,0.22788509761065426
Ziro,Centre-ouest,-1.789604030127707,11.649300172172008,2022-S1,seche,2022-01-01,2022-06-30,-0.37166681687581093,0.21729299273368524
Bazega,Centre-sud,-1.3940711729379671,11.929600821086295,2022-S1,seche,2022-01-01,2022-06-30,-0.3597246012655768,0.2052392482876937
Nahouri,Centre-sud,-1.118376246474603,11.237983342109658,2022-S1,seche,2022-01-01,2022-06-30,-0.37736054249533624,0.23082748860659077
Zoundweogo,Centre-sud,-0.9524086225312375,11.512264459231611,2022-S1,seche,2022-01-01,2022-06-30,-0.3502854028508147,0.19484425089286672
Gnagna,Est,0.0026416748949775752,12.824833131507228,2022-S1,seche,2022-01-01,2022-06-30,-0.3406713582223457,0.1623495060832146
Gourma,Est,0.7255385800830758,12.08832466971129,2022-S1,seche,2022-01-01,2022-06-30,-0.3585556176159997,0.19989874548016717
Komonjdjari,Est,0.7608477539361953,12.809542881354007,2022-S1,seche,2022-01-01,2022-06-30,-0.3713297943409967,0.19358732203137963
Kompienga,Est,0.9531615582011995,11.510423496811697,2022-S1,seche,2022-01-01,2022-06-30,-0.3398241252799271,0.20391912173498308
Tapoa,Est,1.5492337787755717,11.96131520670831,2022-S1,seche,2022-01-01,2022-06-30,-0.3531234704099262,0.20087777105423393
Houet,Hauts-bassins,-4.221145170181834,11.202386321354012,2022-S1,seche,2022-01-01,2022-06-30,-0.4048520456514954,0.24893082063492772
Kenedougou,Hauts-bassins,-4.965576301319494,11.296531382937543,2022-S1,seche,2022-01-01,2022-06-30,-0.42235033957841944,0.27361894422440874
Tuy,Hauts-bassins,-3.4868081489839233,11.445565134928092,2022-S1,seche,2022-01-01,2022-06-30,-0.38254562386548857,0.23108002763634258
Loroum,Nord,,,2022-S1,seche,2022-01-01,2022-06-30,-0.34605776124736987,0.14929735636557578
Passore,Nord,-2.036090048762283,12.936109131116737,2022-S1,seche,2022-01-01,2022-06-30,-0.3711645748969426,0.18594575905623612
Yatenga,Nord,-2.165094455721045,13.419502213575823,2022-S1,seche,2022-01-01,2022-06-30,-0.3486598252017308,0.1518465331836222
Zondoma,Nord,-2.3286174410994804,13.233872775120712,2022-S1,seche,2022-01-01,2022-06-30,-0.3626455767605193,0.1787182858510045
Ganzourgou,Plateau Central,-0.7710693074914546,12.252526698630486,2022-S1,seche,2022-01-01,2022-06-30,-0.3338164708791786,0.17435547563738318
Kourweogo,Plateau Central,-1.8270570788510443,12.606700740090822,2022-S1,seche,2022-01-01,2022-06-30,-0.36289877261058046,0.18539555784130285
Oubritenga,Plateau Central,-1.2233872493372404,12.586743762609045,2022-S1,seche,2022-01-01,2022-06-30,-0.3469734532004227,0.16939272739757094
Oudalan,Sahel,-0.3802665417708192,14.517974872719556,2022-S1,seche,2022-01-01,2022-06-30,-0.32629951474485075,0.12692545187564092
Seno,Sahel,-0.09718325099593567,13.955369700855359,2022-S1,seche,2022-01-01,2022-06-30,-0.3265984150276308,0.14191934813350154
Soum,Sahel,-1.0646621306595794,14.203338215374734,2022-S1,seche,2022-01-01,2022-06-30,-0.324535854310101,0.1290545016433687
Yagha,Sahel,,,2022-S1,seche,2022-01-01,2022-06-30,-0.3510839843845941,0.16022641846019256
Bougouriba,Sud-ouest,-3.428077245206912,10.918747017094596,2022-S1,seche,2022-01-01,2022-06-30,-0.40907291282092545,0.26903234910459217
Ioba,Sud-ouest,-3.1421447400791003,11.091737806560419,2022-S1,seche,2022-01-01,2022-06-30,-0.37569353636801833,0.22474630703012974
Noumbiel,Sud-ouest,-3.033268067271032,9.997999928839187,2022-S1,seche,2022-01-01,2022-06-30,-0.41771853494974964,0.27638509715271226
Poni,Sud-ouest,-3.3218811418647745,10.264138935730738,2022-S1,seche,2022-01-01,2022-06-30,-0.42893322971933273,0.28811348515671154
Banwa,Boucle Du Mouhoun,,,2022-S2,pluies,2022-07-01,2022-12-31,-0.4897543653885639,0.38729850460088133
Kossi,Boucle Du Mouhoun,-3.822956261825886,12.812686525228674,2022-S2,pluies,2022-07-01,2022-12-31,-0.49231724152860556,0.3888579999938598
Bale,Boucle Du Mouhoun,-3.1562002940694236,11.724962044865523,2022-S2,pluies,2022-07-01,2022-12-31,-0.4780608001163835,0.36329279973479023
Mouhoun,Boucle Du Mouhoun,-3.465560822558568,12.148429141055294,2022-S2,pluies,2022-07-01,2022-12-31,-0.4820645464165627,0.3714881226483873
Nayala,Boucle Du Mouhoun,-3.0944590634145883,12.657096114822512,2022-S2,pluies,2022-07-01,2022-12-31,-0.4685569905312428,0.330847175562929
Sourou,Boucle Du Mouhoun,-3.0425338311313457,13.20277689536505,2022-S2,pluies,2022-07-01,2022-12-31,-0.4722360700736516,0.34552397814742397
Comoe,Cascades,-4.514135440850249,10.486252031591674,2022-S2,pluies,2022-07-01,2022-12-31,-0.5243617674223757,0.5001640509796402
Leraba,Cascades,-5.16214118260538,10.59270126662498,2022-S2,pluies,2022-07-01,2022-12-31,-0.5163539421586354,0.4501305995670353
Kadiogo,Centre,-1.4189075947220224,12.312731953406667,2022-S2,pluies,2022-07-01,2022-12-31,-0.4372850018509342,0.3021371784140058
Boulgou,Centre-est,-0.45761713244389585,11.503793323148528,2022-S2,pluies,2022-07-01,2022-12-31,-0.4435595373765273,0.30083448246145666
Koulpelogo,Centre-est,0.15035667022296972,11.463301970345205,2022-S2,pluies,2022-07-01,2022-12-31,-0.47186506394608646,0.3414445479825166
Kouritenga,Centre-est,-0.329596707027452,12.276621177276377,2022-S2,pluies,2022-07-01,2022-12-31,-0.42516894936042227,0.26879756896436147
Bam,Centre-nord,-1.6136483749809556,13.351495353793153,2022-S2,pluies,2022-07-01,2022-12-31,-0.4517054473602126,0.30180705980034345
Namentenga,Centre-nord,-0.49062813376172576,13.108749399980104,2022-S2,pluies,2022-07-01,2022-12-31,-0.4128410237885533,0.2433849151194945
Sanmatenga,Centre-nord,-1.0261364414418561,13.177157572778016,2022-S2,pluies,2022-07-01,2022-12-31,-0.4523133717419421,0.29957821842107757
Boulkiemde,Centre-ouest,-2.116690600453765,12.33281653730948,2022-S2,pluies,2022-07-01,2022-12-31,-0.4469841365013478,0.3143664456082514
Sanguie,Centre-ouest,-2.635215140603591,12.172899114173353,2022-S2,pluies,2022-07-01,2022-12-31,-0.4674281570839584,0.34544712581645237
Sissili,Centre-ouest,,,2022-S2,pluies,2022-07-01,2022-12-31,-0.49146492984363926,0.37266825208616206
Ziro,Centre-ouest,-1.789604030127707,11.649300172172008,2022-S2,pluies,2022-07-01,2022-12-31,-0.4993288582451041,0.3880620027662426
Bazega,Centre-sud,-1.3940711729379671,11.929600821086295,2022-S2,pluies,2022-07-01,2022-12-31,-0.480633545594678,0.3580537558153083
Nahouri,Centre-sud,-1.118376246474603,11.237983342109658,2022-S2,pluies,2022-07-01,2022-12-31,-0.5080503440832183,0.396709496048016
Zoundweogo,Centre-sud,-0.9524086225312375,11.512264459231611,2022-S2,pluies,2022-07-01,2022-12-31,-0.46486074501736646,0.3349112754820894
Gnagna,Est,0.0026416748949775752,12.824833131507228,2022-S2,pluies,2022-07-01,2022-12-31,-0.4096350225565183,0.23875885295713078
Gourma,Est,0.7255385800830758,12.08832466971129,2022-S2,pluies,2022-07-01,2022-12-31,-0.4681853337234408,0.33000717815689407
Komonjdjari,Est,0.7608477539361953,12.809542881354007,2022-S2,pluies,2022-07-01,2022-12-31,-0.46094912770166035,0.3091771685006344
Kompienga,Est,0.9531615582011995,11.510423496811697,2022-S2,pluies,2022-07-01,2022-12-31,-0.49413161734232813,0.4074033888115984
Tapoa,Est,1.5492337787755717,11.96131520670831,2022-S2,pluies,2022-07-01,2022-12-31,-0.46752184449110473,0.34425101080184384
Houet,Hauts-bassins,-4.221145170181834,11.202386321354012,2022-S2,pluies,2022-07-01,2022-12-31,-0.5048077649766871,0.42759006785137066
Kenedougou,Hauts-bassins,-4.965576301319494,11.296531382937543,2022-S2,pluies,2022-07-01,2022-12-31,-0.5317063769386331,0.4707915065931028
Tuy,Hauts-bassins,-3.4868081489839233,11.445565134928092,2022-S2,pluies,2022-07-01,2022-12-31,-0.4812005335494893,0.3892838215379517
Loroum,Nord,,,2022-S2,pluies,2022-07-01,2022-12-31,-0.4378151627811493,0.2825281609485194
Passore,Nord,-2.036090048762283,12.936109131116737,2022-S2,pluies,2022-07-01,2022-12-31,-0.46563188007626016,0.31134658484694533
Yatenga,Nord,-2.165094455721045,13.419502213575823,2022-S2,pluies,2022-07-01,2022-12-31,-0.4285626419181571,0.2607748886259725
Zondoma,Nord,-2.3286174410994804,13.233872775120712,2022-S2,pluies,2022-07-01,2022-12-31,-0.4544997653610446,0.2906699892310595
Ganzourgou,Plateau Central,-0.7710693074914546,12.252526698630486,2022-S2,pluies,2022-07-01,2022-12-31,-0.43159877585919926,0.28596183334483466
Kourweogo,Plateau Central,-1.8270570788510443,12.606700740090822,2022-S2,pluies,2022-07-01,2022-12-31,-0.4692856783527588,0.3335462776379249
Oubritenga,Plateau Central,-1.2233872493372404,12.586743762609045,2022-S2,pluies,2022-07-01,2022-12-31,-0.4369154127331116,0.2942730980365631
Oudalan,Sahel,-0.3802665417708192,14.517974872719556,2022-S2,pluies,2022-07-01,2022-12-31,-0.39309078766763306,0.21122172532023567
Seno,Sahel,-0.09718325099593567,13.955369700855359,2022-S2,pluies,2022-07-01,2022-12-31,-0.3949228791354823,0.21798781808622833
Soum,Sahel,-1.0646621306595794,14.203338215374734,2022-S2,pluies,2022-07-01,2022-12-31,-0.4111079173683551,0.25617264695933334
Yagha,Sahel,,,2022-S2,pluies,2022-07-01,2022-12-31,-0.4151439419300967,0.2403948157935903
Bougouriba,Sud-ouest,-3.428077245206912,10.918747017094596,2022-S2,pluies,2022-07-01,2022-12-31,-0.5145157992686639,0.4528317984608831
Ioba,Sud-ouest,-3.1421447400791003,11.091737806560419,2022-S2,pluies,2022-07-01,2022-12-31,-0.4803997469861521,0.3769056254308912
Noumbiel,Sud-ouest,-3.033268067271032,9.997999928839187,2022-S2,pluies,2022-07-01,2022-12-31,-0.5376442751720719,0.48788594399351815
Poni,Sud-ouest,-3.3218811418647745,10.264138935730738,2022-S2,pluies,2022-07-01,2022-12-31,-0.5323260259775731,0.4897299782650088
Banwa,Boucle Du Mouhoun,,,2023-S1,seche,2023-01-01,2023-06-30,-0.3914791955780692,0.2236281659576618
Kossi,Boucle Du Mouhoun,-3.822956261825886,12.812686525228674,2023-S1,seche,2023-01-01,2023-06-30,-0.3842708575686751,0.21361770505362185
Bale,Boucle Du Mouhoun,-3.1562002940694236,11.724962044865523,2023-S1,seche,2023-01-01,2023-06-30,-0.3813919638136905,0.22112358545078498
Mouhoun,Boucle Du Mouhoun,-3.465560822558568,12.148429141055294,2023-S1,seche,2023-01-01,2023-06-30,-0.38097002351062004,0.21330888419020713
Nayala,Boucle Du Mouhoun,-3.0944590634145883,12.657096114822512,2023-S1,seche,2023-01-01,2023-06-30,-0.36772926601883005,0.19761115586156144
Sourou,Boucle Du Mouhoun,-3.0425338311313457,13.20277689536505,2023-S1,seche,2023-01-01,2023-06-30,-0.37061407995289314,0.20405544939375966
Comoe,Cascades,-4.514135440850249,10.486252031591674,2023-S1,seche,2023-01-01,2023-06-30,-0.45208910704061883,0.33406108172770893
Leraba,Cascades,-5.16214118260538,10.59270126662498,2023-S1,seche,2023-01-01,2023-06-30,-0.46244837490533475,0.3298159218107487
Kadiogo,Centre,-1.4189075947220224,12.312731953406667,2023-S1,seche,2023-01-01,2023-06-30,-0.3596674334314245,0.18497643965141583
Boulgou,Centre-est,-0.45761713244389585,11.503793323148528,2023-S1,seche,2023-01-01,2023-06-30,-0.3457181794608873,0.186363204880336
Koulpelogo,Centre-est,0.15035667022296972,11.463301970345205,2023-S1,seche,2023-01-01,2023-06-30,-0.35248483955572263,0.18945115779569188
Kouritenga,Centre-est,-0.329596707027452,12.276621177276377,2023-S1,seche,2023-01-01,2023-06-30,-0.34036382087998995,0.17130690322541792
Bam,Centre-nord,-1.6136483749809556,13.351495353793153,2023-S1,seche,2023-01-01,2023-06-30,-0.3656224298883295,0.16599431960429448
Namentenga,Centre-nord,-0.49062813376172576,13.108749399980104,2023-S1,seche,2023-01-01,2023-06-30,-0.35306628671894186,0.16322911626034972
Sanmatenga,Centre-nord,-1.0261364414418561,13.177157572778016,2023-S1,seche,2023-01-01,2023-06-30,-0.36924391780134724,0.17769190059289064
Boulkiemde,Centre-ouest,-2.116690600453765,12.33281653730948,2023-S1,seche,2023-01-01,2023-06-30,-0.3621258289152634,0.18981558984861405
Sanguie,Centre-ouest,-2.635215140603591,12.172899114173353,2023-S1,seche,2023-01-01,2023-06-30,-0.3691081146775147,0.2019690591757124
Sissili,Centre-ouest,,,2023-S1,seche,2023-01-01,2023-06-30,-0.3862559689202555,0.23590284271254866
Ziro,Centre-ouest,-1.789604030127707,11.649300172172008,2023-S1,seche,2023-01-01,2023-06-30,-0.3874935324648219,0.2322470413923636
Bazega,Centre-sud,-1.3940711729379671,11.929600821086295,2023-S1,seche,2023-01-01,2023-06-30,-0.377120803699045,0.21478110787151244
Nahouri,Centre-sud,-1.118376246474603,11.237983342109658,2023-S1,seche,2023-01-01,2023-06-30,-0.38273932043552095,0.23369393719576273
Zoundweogo,Centre-sud,-0.9524086225312375,11.512264459231611,2023-S1,seche,2023-01-01,2023-06-30,-0.35203362117910675,0.1971344848753214
Gnagna,Est,0.0026416748949775752,12.824833131507228,2023-S1,seche,2023-01-01,2023-06-30,-0.3463169670186218,0.16177655528473264
Gourma,Est,0.7255385800830758,12.08832466971129,2023-S1,seche,2023-01-01,2023-06-30,-0.36173592195600895,0.20372460368738274
Komonjdjari,Est,0.7608477539361953,12.809542881354007,2023-S1,seche,2023-01-01,2023-06-30,-0.3780582788478768,0.19949406143675172
Kompienga,Est,0.9531615582011995,11.510423496811697,2023-S1,seche,2023-01-01,2023-06-30,-0.3399596229839578,0.19822852969043678
Tapoa,Est,1.5492337787755717,11.96131520670831,2023-S1,seche,2023-01-01,2023-06-30,-0.3648202002027665,0.20973496664780467
Houet,Hauts-bassins,-4.221145170181834,11.202386321354012,2023-S1,seche,2023-01-01,2023-06-30,-0.4217719388275149,0.2691198109062668
Kenedougou,Hauts-bassins,-4.965576301319494,11.296531382937543,2023-S1,seche,2023-01-01,2023-06-30,-0.4315544035638776,0.29520978758982336
Tuy,Hauts-bassins,-3.4868081489839233,11.445565134928092,2023-S1,seche,2023-01-01,2023-06-30,-0.39272743283878075,0.23824211853547675
Loroum,Nord,,,2023-S1,seche,2023-01-01,2023-06-30,-0.35873138047593434,0.16121801865258997
Passore,Nord,-2.036090048762283,12.936109131116737,2023-S1,seche,2023-01-01,2023-06-30,-0.37486348057829594,0.1879252115338012
Yatenga,Nord,-2.165094455721045,13.419502213575823,2023-S1,seche,2023-01-01,2023-06-30,-0.3561039085610915,0.15911909571482938
Zondoma,Nord,-2.3286174410994804,13.233872775120712,2023-S1,seche,2023-01-01,2023-06-30,-0.3720456390287941,0.18440662652487974
Ganzourgou,Plateau Central,-0.7710693074914546,12.252526698630486,2023-S1,seche,2023-01-01,2023-06-30,-0.34315882686585986,0.17278732535384725
Kourweogo,Plateau Central,-1.8270570788510443,12.606700740090822,2023-S1,seche,2023-01-01,2023-06-30,-0.371367095262004,0.18986814713825972
Oubritenga,Plateau Central,-1.2233872493372404,12.586743762609045,2023-S1,seche,2023-01-01,2023-06-30,-0.35437393282477286,0.17287172108380197
Oudalan,Sahel,-0.3802665417708192,14.517974872719556,2023-S1,seche,2023-01-01,2023-06-30,-0.33618093271511496,0.13704117698723847
Seno,Sahel,-0.09718325099593567,13.955369700855359,2023-S1,seche,2023-01-01,2023-06-30,-0.33670674464894434,0.14636572206240103
Soum,Sahel,-1.0646621306595794,14.203338215374734,2023-S1,seche,2023-01-01,2023-06-30,-0.33405792707726484,0.13666547148200153
Yagha,Sahel,,,2023-S1,seche,2023-01-01,2023-06-30,-0.35549964667490075,0.16106321611768923
Bougouriba,Sud-ouest,-3.428077245206912,10.918747017094596,2023-S1,seche,2023-01-01,2023-06-30,-0.43030454371344823,0.29187386958203104
Ioba,Sud-ouest,-3.1421447400791003,11.091737806560419,2023-S1,seche,2023-01-01,2023-06-30,-0.38812526610841264,0.2352113080034625
Noumbiel,Sud-ouest,-3.033268067271032,9.997999928839187,2023-S1,seche,2023-01-01,2023-06-30,-0.4380348515997592,0.3164582827801151
Poni,Sud-ouest,-3.3218811418647745,10.264138935730738,2023-S1,seche,2023-01-01,2023-06-30,-0.44599230734495,0.3223631894469927
Banwa,Boucle Du Mouhoun,,,2023-S2,pluies,2023-07-01,2023-12-31,-0.48734840938960833,0.38369805442979166
Kossi,Boucle Du Mouhoun,-3.822956261825886,12.812686525228674,2023-S2,pluies,2023-07-01,2023-12-31,-0.47502295460440913,0.3787940214943727
Bale,Boucle Du Mouhoun,-3.1562002940694236,11.724962044865523,2023-S2,pluies,2023-07-01,2023-12-31,-0.4670624611033793,0.33445586505132296
Mouhoun,Boucle Du Mouhoun,-3.465560822558568,12.148429141055294,2023-S2,pluies,2023-07-01,2023-12-31,-0.47176956662191877,0.3432438159444402
Nayala,Boucle Du Mouhoun,-3.0944590634145883,12.657096114822512,2023-S2,pluies,2023-07-01,2023-12-31,-0.45022148844980275,0.3143297595935084
Sourou,Boucle Du Mouhoun,-3.0425338311313457,13.20277689536505,2023-S2,pluies,2023-07-01,2023-12-31,-0.4640412910042546,0.3439531327493425
Comoe,Cascades,-4.514135440850249,10.486252031591674,2023-S2,pluies,2023-07-01,2023-12-31,-0.5200539618730045,0.4871868108343874
Leraba,Cascades,-5.16214118260538,10.59270126662498,2023-S2,pluies,2023-07-01,2023-12-31,-0.5157967319147796,0.4320047399678533
Kadiogo,Centre,-1.4189075947220224,12.312731953406667,2023-S2,pluies,2023-07-01,2023-12-31,-0.4176957863245875,0.274706206414873
Boulgou,Centre-est,-0.45761713244389585,11.503793323148528,2023-S2,pluies,2023-07-01,2023-12-31,-0.4522109568558516,0.34357589672555555
Koulpelogo,Centre-est,0.15035667022296972,11.463301970345205,2023-S2,pluies,2023-07-01,2023-12-31,-0.49142618564690105,0.4115746658036161
Kouritenga,Centre-est,-0.329596707027452,12.276621177276377,2023-S2,pluies,2023-07-01,2023-12-31,-0.4050730716026299,0.25113530861838623
Bam,Centre-nord,-1.6136483749809556,13.351495353793153,2023-S2,pluies,2023-07-01,2023-12-31,-0.4460631659732256,0.28541426055304003
Namentenga,Centre-nord,-0.49062813376172576,13.108749399980104,2023-S2,pluies,2023-07-01,2023-12-31,-0.42115890699663994,0.2720637302719469
Sanmatenga,Centre-nord,-1.0261364414418561,13.177157572778016,2023-S2,pluies,2023-07-01,2023-12-31,-0.4433976738777157,0.29943644728116
Boulkiemde,Centre-ouest,-2.116690600453765,12.33281653730948,2023-S2,pluies,2023-07-01,2023-12-31,-0.43440375119707647,0.28676985674658234
Sanguie,Centre-ouest,-2.635215140603591,12.172899114173353,2023-S2,pluies,2023-07-01,2023-12-31,-0.45140939633458427,0.31519442876171255
Sissili,Centre-ouest,,,2023-S2,pluies,2023-07-01,2023-12-31,-0.48018690662099495,0.36536972674272994
Ziro,Centre-ouest,-1.789604030127707,11.649300172172008,2023-S2,pluies,2023-07-01,2023-12-31,-0.48795348446636577,0.37894422969328445
Bazega,Centre-sud,-1.3940711729379671,11.929600821086295,2023-S2,pluies,2023-07-01,2023-12-31,-0.4663658073541688,0.3420121611933127
Nahouri,Centre-sud,-1.118376246474603,11.237983342109658,2023-S2,pluies,2023-07-01,2023-12-31,-0.49912004736921417,0.4035205734908773
Zoundweogo,Centre-sud,-0.9524086225312375,11.512264459231611,2023-S2,pluies,2023-07-01,2023-12-31,-0.4700164020829462,0.36704719016206094
Gnagna,Est,0.0026416748949775752,12.824833131507228,2023-S2,pluies,2023-07-01,2023-12-31,-0.41393601786076684,0.25071529953754584
Gourma,Est,0.7255385800830758,12.08832466971129,2023-S2,pluies,2023-07-01,2023-12-31,-0.4791064096290726,0.3688337318705652
Komonjdjari,Est,0.7608477539361953,12.809542881354007,2023-S2,pluies,2023-07-01,2023-12-31,-0.46577227900379553,0.32203767357817525
Kompienga,Est,0.9531615582011995,11.510423496811697,2023-S2,pluies,2023-07-01,2023-12-31,-0.5083341054362057,0.4489153184207348
Tapoa,Est,1.5492337787755717,11.96131520670831,2023-S2,pluies,2023-07-01,2023-12-31,-0.4762427175503324,0.37086901277565576
Houet,Hauts-bassins,-4.221145170181834,11.202386321354012,2023-S2,pluies,2023-07-01,2023-12-31,-0.5174177923913089,0.43886693284333744
Kenedougou,Hauts-bassins,-4.965576301319494,11.296531382937543,2023-S2,pluies,2023-07-01,2023-12-31,-0.5312772844117002,0.45250357193501023
Tuy,Hauts-bassins,-3.4868081489839233,11.445565134928092,2023-S2,pluies,2023-07-01,2023-12-31,-0.48040431115591414,0.3729907570604536
Loroum,Nord,,,2023-S2,pluies,2023-07-01,2023-12-31,-0.4308449110042222,0.26874096595946123
Passore,Nord,-2.036090048762283,12.936109131116737,2023-S2,pluies,2023-07-01,2023-12-31,-0.4529498127621026,0.3088639496975302
Yatenga,Nord,-2.165094455721045,13.419502213575823,2023-S2,pluies,2023-07-01,2023-12-31,-0.4239306528621996,0.261161501121556
Zondoma,Nord,-2.3286174410994804,13.233872775120712,2023-S2,pluies,2023-07-01,2023-12-31,-0.45901165762481017,0.31666847363228623
Ganzourgou,Plateau Central,-0.7710693074914546,12.252526698630486,2023-S2,pluies,2023-07-01,2023-12-31,-0.41753001231202097,0.27008655247761437
Kourweogo,Plateau Central,-1.8270570788510443,12.606700740090822,2023-S2,pluies,2023-07-01,2023-12-31,-0.44844264484327173,0.2977832208639954
Oubritenga,Plateau Central,-1.2233872493372404,12.586743762609045,2023-S2,pluies,2023-07-01,2023-12-31,-0.4238257816587097,0.27190102553635415
Oudalan,Sahel,-0.3802665417708192,14.517974872719556,2023-S2,pluies,2023-07-01,2023-12-31,-0.3659100281990132,0.198593878199854
Seno,Sahel,-0.09718325099593567,13.955369700855359,2023-S2,pluies,2023-07-01,2023-12-31,-0.37494425010474874,0.2125162803699007
Soum,Sahel,-1.0646621306595794,14.203338215374734,2023-S2,pluies,2023-07-01,2023-12-31,-0.38967199481049297,0.23044538161127048
Yagha,Sahel,,,2023-S2,pluies,2023-07-01,2023-12-31,-0.4128993084289753,0.24907482744223144
Bougouriba,Sud-ouest,-3.428077245206912,10.918747017094596,2023-S2,pluies,2023-07-01,2023-12-31,-0.5127208201714619,0.44325641694236284
Ioba,Sud-ouest,-3.1421447400791003,11.091737806560419,2023-S2,pluies,2023-07-01,2023-12-31,-0.4702976821333076,0.34612598113117754
Noumbiel,Sud-ouest,-3.033268067271032,9.997999928839187,2023-S2,pluies,2023-07-01,2023-12-31,-0.5098964888036713,0.45089612944775237
Poni,Sud-ouest,-3.3218811418647745,10.264138935730738,2023-S2,pluies,2023-07-01,2023-12-31,-0.5096262132341401,0.4691929332106157
Banwa,Boucle Du Mouhoun,,,2024-S1,seche,2024-01-01,2024-06-30,-0.4014029939405385,0.2218922482242224
Kossi,Boucle Du Mouhoun,-3.822956261825886,12.812686525228674,2024-S1,seche,2024-01-01,2024-06-30,-0.37373301378671037,0.20384152927393823
Bale,Boucle Du Mouhoun,-3.1562002940694236,11.724962044865523,2024-S1,seche,2024-01-01,2024-06-30,-0.37119670833077434,0.2069779687480595
Mouhoun,Boucle Du Mouhoun,-3.465560822558568,12.148429141055294,2024-S1,seche,2024-01-01,2024-06-30,-0.36661931346588383,0.20401580538887146
Nayala,Boucle Du Mouhoun,-3.0944590634145883,12.657096114822512,2024-S1,seche,2024-01-01,2024-06-30,-0.35155975930380406,0.1921230362980789
Sourou,Boucle Du Mouhoun,-3.0425338311313457,13.20277689536505,2024-S1,seche,2024-01-01,2024-06-30,-0.3518435119502623,0.19688352933955744
Comoe,Cascades,-4.514135440850249,10.486252031591674,2024-S1,seche,2024-01-01,2024-06-30,-0.4501190202769318,0.32214386400659745
Leraba,Cascades,-5.16214118260538,10.59270126662498,2024-S1,seche,2024-01-01,2024-06-30,-0.4746731371132166,0.3327017723813544
Kadiogo,Centre,-1.4189075947220224,12.312731953406667,2024-S1,seche,2024-01-01,2024-06-30,-0.3561158508011063,0.1868436783716255
Boulgou,Centre-est,-0.45761713244389585,11.503793323148528,2024-S1,seche,2024-01-01,2024-06-30,-0.3527507745935867,0.19167757715506856
Koulpelogo,Centre-est,0.15035667022296972,11.463301970345205,2024-S1,seche,2024-01-01,2024-06-30,-0.3598859369360295,0.1962065966282347
Kouritenga,Centre-est,-0.329596707027452,12.276621177276377,2024-S1,seche,2024-01-01,2024-06-30,-0.3364545023682554,0.1687884742722927
Bam,Centre-nord,-1.6136483749809556,13.351495353793153,2024-S1,seche,2024-01-01,2024-06-30,-0.3616555232491593,0.17232442080918633
Namentenga,Centre-nord,-0.49062813376172576,13.108749399980104,2024-S1,seche,2024-01-01,2024-06-30,-0.348018015740431,0.16759115086079032
Sanmatenga,Centre-nord,-1.0261364414418561,13.177157572778016,2024-S1,seche,2024-01-01,2024-06-30,-0.35606012474494336,0.17354400890393834
Boulkiemde,Centre-ouest,-2.116690600453765,12.33281653730948,2024-S1,seche,2024-01-01,2024-06-30,-0.35622686441452944,0.18777250602968895
Sanguie,Centre-ouest,-2.635215140603591,12.172899114173353,2024-S1,seche,2024-01-01,2024-06-30,-0.36232732901728054,0.19682210000302486
Sissili,Centre-ouest,,,2024-S1,seche,2024-01-01,2024-06-30,-0.38346243073671593,0.22702780930334532
Ziro,Centre-ouest,-1.789604030127707,11.649300172172008,2024-S1,seche,2024-01-01,2024-06-30,-0.3901824797773834,0.22648907992949724
Bazega,Centre-sud,-1.3940711729379671,11.929600821086295,2024-S1,seche,2024-01-01,2024-06-30,-0.3768694910587674,0.2148902121966408
Nahouri,Centre-sud,-1.118376246474603,11.237983342109658,2024-S1,seche,2024-01-01,2024-06-30,-0.38976534937007123,0.23923774973388257
Zoundweogo,Centre-sud,-0.9524086225312375,11.512264459231611,2024-S1,seche,2024-01-01,2024-06-30,-0.36036557604477093,0.2045370155428429
Gnagna,Est,0.0026416748949775752,12.824833131507228,2024-S1,seche,2024-01-01,2024-06-30,-0.34830909846805486,0.16294312823572082
Gourma,Est,0.7255385800830758,12.08832466971129,2024-S1,seche,2024-01-01,2024-06-30,-0.3720642287082516,0.20382022835108526
Komonjdjari,Est,0.7608477539361953,12.809542881354007,2024-S1,seche,2024-01-01,2024-06-30,-0.3752226240412192,0.1902816377182492
Kompienga,Est,0.9531615582011995,11.510423496811697,2024-S1,seche,2024-01-01,2024-06-30,-0.34716204040734405,0.19821136396529657
Tapoa,Est,1.5492337787755717,11.96131520670831,2024-S1,seche,2024-01-01,2024-06-30,-0.3775082075670207,0.20750480159547632
Houet,Hauts-bassins,-4.221145170181834,11.202386321354012,2024-S1,seche,2024-01-01,2024-06-30,-0.4322625916405314,0.26245931815936335
Kenedougou,Hauts-bassins,-4.965576301319494,11.296531382937543,2024-S1,seche,2024-01-01,2024-06-30,-0.4437455519897623,0.28410710511413567
Tuy,Hauts-bassins,-3.4868081489839233,11.445565134928092,2024-S1,seche,2024-01-01,2024-06-30,-0.37873436195788596,0.2306174939283779
Loroum,Nord,,,2024-S1,seche,2024-01-01,2024-06-30,-0.3432801277002398,0.1546142136679546
Passore,Nord,-2.036090048762283,12.936109131116737,2024-S1,seche,2024-01-01,2024-06-30,-0.36835083836657534,0.18849800294816813
Yatenga,Nord,-2.165094455721045,13.419502213575823,2024-S1,seche,2024-01-01,2024-06-30,-0.3438203515560259,0.15616265559570128
Zondoma,Nord,-2.3286174410994804,13.233872775120712,2024-S1,seche,2024-01-01,2024-06-30,-0.368278680073363,0.1885436909614685
Ganzourgou,Plateau Central,-0.7710693074914546,12.252526698630486,2024-S1,seche,2024-01-01,2024-06-30,-0.3372755398084677,0.17172687441959095
Kourweogo,Plateau Central,-1.8270570788510443,12.606700740090822,2024-S1,seche,2024-01-01,2024-06-30,-0.3681261526282947,0.19506333831954983
Oubritenga,Plateau Central,-1.2233872493372404,12.586743762609045,2024-S1,seche,2024-01-01,2024-06-30,-0.3493358880654437,0.17524832339619073
Oudalan,Sahel,-0.3802665417708192,14.517974872719556,2024-S1,seche,2024-01-01,2024-06-30,-0.3242986145346095,0.12874496486040093
Seno,Sahel,-0.09718325099593567,13.955369700855359,2024-S1,seche,2024-01-01,2024-06-30,-0.32319267851226113,0.13604024524723732
Soum,Sahel,-1.0646621306595794,14.203338215374734,2024-S1,seche,2024-01-01,2024-06-30,-0.32605735049893186,0.13708713931553973
Yagha,Sahel,,,2024-S1,seche,2024-01-01,2024-06-30,-0.3503213805485888,0.15511422712933376
Bougouriba,Sud-ouest,-3.428077245206912,10.918747017094596,2024-S1,seche,2024-01-01,2024-06-30,-0.4056690899800517,0.27890215143294184
Ioba,Sud-ouest,-3.1421447400791003,11.091737806560419,2024-S1,seche,2024-01-01,2024-06-30,-0.3787304557978543,0.228807412106889
Noumbiel,Sud-ouest,-3.033268067271032,9.997999928839187,2024-S1,seche,2024-01-01,2024-06-30,-0.42683928551992517,0.3133217191493642
Poni,Sud-ouest,-3.3218811418647745,10.264138935730738,2024-S1,seche,2024-01-01,2024-06-30,-0.41128483362709445,0.2984737202683041
Banwa,Boucle Du Mouhoun,,,2024-S2,pluies,2024-07-01,2024-12-31,-0.5016825501969073,0.3990928569905764
Kossi,Boucle Du Mouhoun,-3.822956261825886,12.812686525228674,2024-S2,pluies,2024-07-01,2024-12-31,-0.5095787193536891,0.3970156042785711
Bale,Boucle Du Mouhoun,-3.1562002940694236,11.724962044865523,2024-S2,pluies,2024-07-01,2024-12-31,-0.4805747600866647,0.35600827227988024
Mouhoun,Boucle Du Mouhoun,-3.465560822558568,12.148429141055294,2024-S2,pluies,2024-07-01,2024-12-31,-0.487264084786185,0.3669042467908183
Nayala,Boucle Du Mouhoun,-3.0944590634145883,12.657096114822512,2024-S2,pluies,2024-07-01,2024-12-31,-0.4645205397372423,0.3271066894777101
Sourou,Boucle Du Mouhoun,-3.0425338311313457,13.20277689536505,2024-S2,pluies,2024-07-01,2024-12-31,-0.4684680482898841,0.3440537125404877
Comoe,Cascades,-4.514135440850249,10.486252031591674,2024-S2,pluies,2024-07-01,2024-12-31,-0.5464112952937332,0.5187216650027999
Leraba,Cascades,-5.16214118260538,10.59270126662498,2024-S2,pluies,2024-07-01,2024-12-31,-0.5301597664674988,0.4575034084505034
Kadiogo,Centre,-1.4189075947220224,12.312731953406667,2024-S2,pluies,2024-07-01,2024-12-31,-0.41896024865497766,0.26616612159363884
Boulgou,Centre-est,-0.45761713244389585,11.503793323148528,2024-S2,pluies,2024-07-01,2024-12-31,-0.433259535150553,0.291792630308122
Koulpelogo,Centre-est,0.15035667022296972,11.463301970345205,2024-S2,pluies,2024-07-01,2024-12-31,-0.475707261327482,0.3518134923602524
Kouritenga,Centre-est,-0.329596707027452,12.276621177276377,2024-S2,pluies,2024-07-01,2024-12-31,-0.39859794478754196,0.24153708151164774
Bam,Centre-nord,-1.6136483749809556,13.351495353793153,2024-S2,pluies,2024-07-01,2024-12-31,-0.4572216885475326,0.29604418663446186
Namentenga,Centre-nord,-0.49062813376172576,13.108749399980104,2024-S2,pluies,2024-07-01,2024-12-31,-0.41154243461836076,0.2660470878949492
Sanmatenga,Centre-nord,-1.0261364414418561,13.177157572778016,2024-S2,pluies,2024-07-01,2024-12-31,-0.43614300882811247,0.2843807783630011
Boulkiemde,Centre-ouest,-2.116690600453765,12.33281653730948,2024-S2,pluies,2024-07-01,2024-12-31,-0.44779980714562395,0.30108934628951967
Sanguie,Centre-ouest,-2.635215140603591,12.172899114173353,2024-S2,pluies,2024-07-01,2024-12-31,-0.46954371845784737,0.32902874649034924
Sissili,Centre-ouest,,,2024-S2,pluies,2024-07-01,2024-12-31,-0.4906509705564335,0.3688149245402253
Ziro,Centre-ouest,-1.789604030127707,11.649300172172008,2024-S2,pluies,2024-07-01,2024-12-31,-0.4916653737844961,0.3718752399162594
Bazega,Centre-sud,-1.3940711729379671,11.929600821086295,2024-S2,pluies,2024-07-01,2024-12-31,-0.47498376705070394,0.3414211833755667
Nahouri,Centre-sud,-1.118376246474603,11.237983342109658,2024-S2,pluies,2024-07-01,2024-12-31,-0.48328445945703113,0.3628963166819534
Zoundweogo,Centre-sud,-0.9524086225312375,11.512264459231611,2024-S2,pluies,2024-07-01,2024-12-31,-0.4472279988413083,0.3163537835958944
Gnagna,Est,0.0026416748949775752,12.824833131507228,2024-S2,pluies,2024-07-01,2024-12-31,-0.41444719831951865,0.2680246889308708
Gourma,Est,0.7255385800830758,12.08832466971129,2024-S2,pluies,2024-07-01,2024-12-31,-0.47307934532052215,0.3402178616241372
Komonjdjari,Est,0.7608477539361953,12.809542881354007,2024-S2,pluies,2024-07-01,2024-12-31,-0.46202340470658704,0.3222043887892919
Kompienga,Est,0.9531615582011995,11.510423496811697,2024-S2,pluies,2024-07-01,2024-12-31,-0.4989637217822271,0.40147900445698925
Tapoa,Est,1.5492337787755717,11.96131520670831,2024-S2,pluies,2024-07-01,2024-12-31,-0.47751191304406443,0.3263285986040847
Houet,Hauts-bassins,-4.221145170181834,11.202386321354012,2024-S2,pluies,2024-07-01,2024-12-31,-0.514194934860892,0.4254673973869486
Kenedougou,Hauts-bassins,-4.965576301319494,11.296531382937543,2024-S2,pluies,2024-07-01,2024-12-31,-0.5312409571915048,0.4547218168378494
Tuy,Hauts-bassins,-3.4868081489839233,11.445565134928092,2024-S2,pluies,2024-07-01,2024-12-31,-0.48350038642778886,0.3726824666773151
Loroum,Nord,,,2024-S2,pluies,2024-07-01,2024-12-31,-0.44255422451274595,0.27791218361902353
Passore,Nord,-2.036090048762283,12.936109131116737,2024-S2,pluies,2024-07-01,2024-12-31,-0.4472495929630501,0.2964993978665969
Yatenga,Nord,-2.165094455721045,13.419502213575823,2024-S2,pluies,2024-07-01,2024-12-31,-0.43104694094423185,0.2670329390670245
Zondoma,Nord,-2.3286174410994804,13.233872775120712,2024-S2,pluies,2024-07-01,2024-12-31,-0.4557103639889155,0.30585984378784875
Ganzourgou,Plateau Central,-0.7710693074914546,12.252526698630486,2024-S2,pluies,2024-07-01,2024-12-31,-0.40992272632833904,0.25245637198354914
Kourweogo,Plateau Central,-1.8270570788510443,12.606700740090822,2024-S2,pluies,2024-07-01,2024-12-31,-0.4415401155485283,0.2948076683406232
Oubritenga,Plateau Central,-1.2233872493372404,12.586743762609045,2024-S2,pluies,2024-07-01,2024-12-31,-0.41190318131975895,0.257937922472258
Oudalan,Sahel,-0.3802665417708192,14.517974872719556,2024-S2,pluies,2024-07-01,2024-12-31,-0.3776653239201383,0.2175035578812655
Seno,Sahel,-0.09718325099593567,13.955369700855359,2024-S2,pluies,2024-07-01,2024-12-31,-0.3868825712035248,0.2352805633922045
Soum,Sahel,-1.0646621306595794,14.203338215374734,2024-S2,pluies,2024-07-01,2024-12-31,-0.39632642776632315,0.22853766505038403
Yagha,Sahel,,,2024-S2,pluies,2024-07-01,2024-12-31,-0.40980145528777934,0.24656911377929805
Bougouriba,Sud-ouest,-3.428077245206912,10.918747017094596,2024-S2,pluies,2024-07-01,2024-12-31,-0.5118596295969762,0.4173404434566553
Ioba,Sud-ouest,-3.1421447400791003,11.091737806560419,2024-S2,pluies,2024-07-01,2024-12-31,-0.47636482865021046,0.35283169533852243
Noumbiel,Sud-ouest,-3.033268067271032,9.997999928839187,2024-S2,pluies,2024-07-01,2024-12-31,-0.5236179265398366,0.43006923160576194
Poni,Sud-ouest,-3.3218811418647745,10.264138935730738,2024-S2,pluies,2024-07-01,2024-12-31,-0.5290572055444771,0.44242976165615905
